sheet,row,col,value,formula
AT_YTD,1,A,,
AT_YTD,1,B,,
AT_YTD,1,C,,
AT_YTD,1,D,,
AT_YTD,1,E,,
AT_YTD,1,F,,
AT_YTD,1,G,,
AT_YTD,1,H,,
AT_YTD,1,I,,
AT_YTD,1,J,,
AT_YTD,1,K,,
AT_YTD,1,L,,
AT_YTD,1,M,,
AT_YTD,1,N,,
AT_YTD,1,O,,
AT_YTD,1,P,,
AT_YTD,1,Q,,
AT_YTD,1,R,,
AT_YTD,1,S,,
AT_YTD,1,T,,
AT_YTD,1,U,,
AT_YTD,1,V,,
AT_YTD,1,W,,
AT_YTD,1,X,,
AT_YTD,1,Y,,
AT_YTD,1,Z,,
AT_YTD,2,A,,
AT_YTD,2,B,Hello,
AT_YTD,2,C,1234,
AT_YTD,2,D,,=C2*2
AT_YTD,2,E,,
AT_YTD,2,F,,
AT_YTD,2,G,,
AT_YTD,2,H,,
AT_YTD,2,I,,
AT_YTD,2,J,,
AT_YTD,2,K,,
AT_YTD,2,L,,
AT_YTD,2,M,,
AT_YTD,2,N,,
AT_YTD,2,O,,
AT_YTD,2,P,,
AT_YTD,2,Q,,
AT_YTD,2,R,,
AT_YTD,2,S,,
AT_YTD,2,T,,
AT_YTD,2,U,,
AT_YTD,2,V,,
AT_YTD,2,W,,
AT_YTD,2,X,,
AT_YTD,2,Y,,
AT_YTD,2,Z,,
AT_YTD,3,A,,
AT_YTD,3,B,,
AT_YTD,3,C,,
AT_YTD,3,D,,
AT_YTD,3,E,,
AT_YTD,3,F,,
AT_YTD,3,G,,
AT_YTD,3,H,,
AT_YTD,3,I,,
AT_YTD,3,J,,
AT_YTD,3,K,,
AT_YTD,3,L,,
AT_YTD,3,M,,
AT_YTD,3,N,,
AT_YTD,3,O,,
AT_YTD,3,P,,
AT_YTD,3,Q,,
AT_YTD,3,R,,
AT_YTD,3,S,,
AT_YTD,3,T,,
AT_YTD,3,U,,
AT_YTD,3,V,,
AT_YTD,3,W,,
AT_YTD,3,X,,
AT_YTD,3,Y,,
AT_YTD,3,Z,,
AT_YTD,4,A,,
AT_YTD,4,B,,
AT_YTD,4,C,,
AT_YTD,4,D,,
AT_YTD,4,E,,
AT_YTD,4,F,,
AT_YTD,4,G,,
AT_YTD,4,H,,
AT_YTD,4,I,,
AT_YTD,4,J,,
AT_YTD,4,K,,
AT_YTD,4,L,,
AT_YTD,4,M,,
AT_YTD,4,N,,
AT_YTD,4,O,,
AT_YTD,4,P,,
AT_YTD,4,Q,,
AT_YTD,4,R,,
AT_YTD,4,S,,
AT_YTD,4,T,,
AT_YTD,4,U,,
AT_YTD,4,V,,
AT_YTD,4,W,,
AT_YTD,4,X,,
AT_YTD,4,Y,,
AT_YTD,4,Z,,
AT_YTD,5,A,,
AT_YTD,5,B,,
AT_YTD,5,C,,
AT_YTD,5,D,,
AT_YTD,5,E,,
AT_YTD,5,F,,
AT_YTD,5,G,,
AT_YTD,5,H,,
AT_YTD,5,I,,
AT_YTD,5,J,,
AT_YTD,5,K,,
AT_YTD,5,L,,
AT_YTD,5,M,,
AT_YTD,5,N,,
AT_YTD,5,O,,
AT_YTD,5,P,,
AT_YTD,5,Q,,
AT_YTD,5,R,,
AT_YTD,5,S,,
AT_YTD,5,T,,
AT_YTD,5,U,,
AT_YTD,5,V,,
AT_YTD,5,W,,
AT_YTD,5,X,,
AT_YTD,5,Y,,
AT_YTD,5,Z,,
AT_YTD,6,A,,
AT_YTD,6,B,,
AT_YTD,6,C,,
AT_YTD,6,D,,
AT_YTD,6,E,,
AT_YTD,6,F,,
AT_YTD,6,G,,
AT_YTD,6,H,,
AT_YTD,6,I,,
AT_YTD,6,J,,
AT_YTD,6,K,,
AT_YTD,6,L,,
AT_YTD,6,M,,
AT_YTD,6,N,,
AT_YTD,6,O,,
AT_YTD,6,P,,
AT_YTD,6,Q,,
AT_YTD,6,R,,
AT_YTD,6,S,,
AT_YTD,6,T,,
AT_YTD,6,U,,
AT_YTD,6,V,,
AT_YTD,6,W,,
AT_YTD,6,X,,
AT_YTD,6,Y,,
AT_YTD,6,Z,,
AT_YTD,7,A,,
AT_YTD,7,B,,
AT_YTD,7,C,,
AT_YTD,7,D,,
AT_YTD,7,E,,
AT_YTD,7,F,,
AT_YTD,7,G,,
AT_YTD,7,H,,
AT_YTD,7,I,,
AT_YTD,7,J,,
AT_YTD,7,K,,
AT_YTD,7,L,,
AT_YTD,7,M,,
AT_YTD,7,N,,
AT_YTD,7,O,,
AT_YTD,7,P,,
AT_YTD,7,Q,,
AT_YTD,7,R,,
AT_YTD,7,S,,
AT_YTD,7,T,,
AT_YTD,7,U,,
AT_YTD,7,V,,
AT_YTD,7,W,,
AT_YTD,7,X,,
AT_YTD,7,Y,,
AT_YTD,7,Z,,
AT_YTD,8,A,,
AT_YTD,8,B,,
AT_YTD,8,C,,
AT_YTD,8,D,,
AT_YTD,8,E,,
AT_YTD,8,F,,
AT_YTD,8,G,,
AT_YTD,8,H,,
AT_YTD,8,I,,
AT_YTD,8,J,,
AT_YTD,8,K,,
AT_YTD,8,L,,
AT_YTD,8,M,,
AT_YTD,8,N,,
AT_YTD,8,O,,
AT_YTD,8,P,,
AT_YTD,8,Q,,
AT_YTD,8,R,,
AT_YTD,8,S,,
AT_YTD,8,T,,
AT_YTD,8,U,,
AT_YTD,8,V,,
AT_YTD,8,W,,
AT_YTD,8,X,,
AT_YTD,8,Y,,
AT_YTD,8,Z,,
AT_YTD,9,A,,
AT_YTD,9,B,,
AT_YTD,9,C,,
AT_YTD,9,D,,
AT_YTD,9,E,,
AT_YTD,9,F,,
AT_YTD,9,G,,
AT_YTD,9,H,,
AT_YTD,9,I,,
AT_YTD,9,J,,
AT_YTD,9,K,,
AT_YTD,9,L,,
AT_YTD,9,M,,
AT_YTD,9,N,,
AT_YTD,9,O,,
AT_YTD,9,P,,
AT_YTD,9,Q,,
AT_YTD,9,R,,
AT_YTD,9,S,,
AT_YTD,9,T,,
AT_YTD,9,U,,
AT_YTD,9,V,,
AT_YTD,9,W,,
AT_YTD,9,X,,
AT_YTD,9,Y,,
AT_YTD,9,Z,,
AT_YTD,10,A,,
AT_YTD,10,B,,
AT_YTD,10,C,,
AT_YTD,10,D,,
AT_YTD,10,E,,
AT_YTD,10,F,,
AT_YTD,10,G,,
AT_YTD,10,H,,
AT_YTD,10,I,,
AT_YTD,10,J,,
AT_YTD,10,K,,
AT_YTD,10,L,,
AT_YTD,10,M,,
AT_YTD,10,N,,
AT_YTD,10,O,,
AT_YTD,10,P,,
AT_YTD,10,Q,,
AT_YTD,10,R,,
AT_YTD,10,S,,
AT_YTD,10,T,,
AT_YTD,10,U,,
AT_YTD,10,V,,
AT_YTD,10,W,,
AT_YTD,10,X,,
AT_YTD,10,Y,,
AT_YTD,10,Z,,
AT_YTD,11,A,,
AT_YTD,11,B,,
AT_YTD,11,C,,
AT_YTD,11,D,,
AT_YTD,11,E,,
AT_YTD,11,F,,
AT_YTD,11,G,,
AT_YTD,11,H,,
AT_YTD,11,I,,
AT_YTD,11,J,,
AT_YTD,11,K,,
AT_YTD,11,L,,
AT_YTD,11,M,,
AT_YTD,11,N,,
AT_YTD,11,O,,
AT_YTD,11,P,,
AT_YTD,11,Q,,
AT_YTD,11,R,,
AT_YTD,11,S,,
AT_YTD,11,T,,
AT_YTD,11,U,,
AT_YTD,11,V,,
AT_YTD,11,W,,
AT_YTD,11,X,,
AT_YTD,11,Y,,
AT_YTD,11,Z,,
AT_YTD,12,A,,
AT_YTD,12,B,,
AT_YTD,12,C,,
AT_YTD,12,D,,
AT_YTD,12,E,,
AT_YTD,12,F,,
AT_YTD,12,G,,
AT_YTD,12,H,,
AT_YTD,12,I,,
AT_YTD,12,J,,
AT_YTD,12,K,,
AT_YTD,12,L,,
AT_YTD,12,M,,
AT_YTD,12,N,,
AT_YTD,12,O,,
AT_YTD,12,P,,
AT_YTD,12,Q,,
AT_YTD,12,R,,
AT_YTD,12,S,,
AT_YTD,12,T,,
AT_YTD,12,U,,
AT_YTD,12,V,,
AT_YTD,12,W,,
AT_YTD,12,X,,
AT_YTD,12,Y,,
AT_YTD,12,Z,,
AT_YTD,13,A,,
AT_YTD,13,B,,
AT_YTD,13,C,,
AT_YTD,13,D,,
AT_YTD,13,E,,
AT_YTD,13,F,,
AT_YTD,13,G,,
AT_YTD,13,H,,
AT_YTD,13,I,,
AT_YTD,13,J,,
AT_YTD,13,K,,
AT_YTD,13,L,,
AT_YTD,13,M,,
AT_YTD,13,N,,
AT_YTD,13,O,,
AT_YTD,13,P,,
AT_YTD,13,Q,,
AT_YTD,13,R,,
AT_YTD,13,S,,
AT_YTD,13,T,,
AT_YTD,13,U,,
AT_YTD,13,V,,
AT_YTD,13,W,,
AT_YTD,13,X,,
AT_YTD,13,Y,,
AT_YTD,13,Z,,
AT_YTD,14,A,,
AT_YTD,14,B,,
AT_YTD,14,C,,
AT_YTD,14,D,,
AT_YTD,14,E,,
AT_YTD,14,F,,
AT_YTD,14,G,,
AT_YTD,14,H,,
AT_YTD,14,I,,
AT_YTD,14,J,,
AT_YTD,14,K,,
AT_YTD,14,L,,
AT_YTD,14,M,,
AT_YTD,14,N,,
AT_YTD,14,O,,
AT_YTD,14,P,,
AT_YTD,14,Q,,
AT_YTD,14,R,,
AT_YTD,14,S,,
AT_YTD,14,T,,
AT_YTD,14,U,,
AT_YTD,14,V,,
AT_YTD,14,W,,
AT_YTD,14,X,,
AT_YTD,14,Y,,
AT_YTD,14,Z,,
AT_YTD,15,A,,
AT_YTD,15,B,,
AT_YTD,15,C,,
AT_YTD,15,D,,
AT_YTD,15,E,,
AT_YTD,15,F,,
AT_YTD,15,G,,
AT_YTD,15,H,,
AT_YTD,15,I,,
AT_YTD,15,J,,
AT_YTD,15,K,,
AT_YTD,15,L,,
AT_YTD,15,M,,
AT_YTD,15,N,,
AT_YTD,15,O,,
AT_YTD,15,P,,
AT_YTD,15,Q,,
AT_YTD,15,R,,
AT_YTD,15,S,,
AT_YTD,15,T,,
AT_YTD,15,U,,
AT_YTD,15,V,,
AT_YTD,15,W,,
AT_YTD,15,X,,
AT_YTD,15,Y,,
AT_YTD,15,Z,,
AT_YTD,16,A,,
AT_YTD,16,B,,
AT_YTD,16,C,,
AT_YTD,16,D,,
AT_YTD,16,E,,
AT_YTD,16,F,,
AT_YTD,16,G,,
AT_YTD,16,H,,
AT_YTD,16,I,,
AT_YTD,16,J,,
AT_YTD,16,K,,
AT_YTD,16,L,,
AT_YTD,16,M,,
AT_YTD,16,N,,
AT_YTD,16,O,,
AT_YTD,16,P,,
AT_YTD,16,Q,,
AT_YTD,16,R,,
AT_YTD,16,S,,
AT_YTD,16,T,,
AT_YTD,16,U,,
AT_YTD,16,V,,
AT_YTD,16,W,,
AT_YTD,16,X,,
AT_YTD,16,Y,,
AT_YTD,16,Z,,
AT_YTD,17,A,,
AT_YTD,17,B,,
AT_YTD,17,C,,
AT_YTD,17,D,,
AT_YTD,17,E,,
AT_YTD,17,F,,
AT_YTD,17,G,,
AT_YTD,17,H,,
AT_YTD,17,I,,
AT_YTD,17,J,,
AT_YTD,17,K,,
AT_YTD,17,L,,
AT_YTD,17,M,,
AT_YTD,17,N,,
AT_YTD,17,O,,
AT_YTD,17,P,,
AT_YTD,17,Q,,
AT_YTD,17,R,,
AT_YTD,17,S,,
AT_YTD,17,T,,
AT_YTD,17,U,,
AT_YTD,17,V,,
AT_YTD,17,W,,
AT_YTD,17,X,,
AT_YTD,17,Y,,
AT_YTD,17,Z,,
AT_YTD,18,A,,
AT_YTD,18,B,,
AT_YTD,18,C,,
AT_YTD,18,D,,
AT_YTD,18,E,,
AT_YTD,18,F,,
AT_YTD,18,G,,
AT_YTD,18,H,,
AT_YTD,18,I,,
AT_YTD,18,J,,
AT_YTD,18,K,,
AT_YTD,18,L,,
AT_YTD,18,M,,
AT_YTD,18,N,,
AT_YTD,18,O,,
AT_YTD,18,P,,
AT_YTD,18,Q,,
AT_YTD,18,R,,
AT_YTD,18,S,,
AT_YTD,18,T,,
AT_YTD,18,U,,
AT_YTD,18,V,,
AT_YTD,18,W,,
AT_YTD,18,X,,
AT_YTD,18,Y,,
AT_YTD,18,Z,,
AT_YTD,19,A,,
AT_YTD,19,B,,
AT_YTD,19,C,,
AT_YTD,19,D,,
AT_YTD,19,E,,
AT_YTD,19,F,,
AT_YTD,19,G,,
AT_YTD,19,H,,
AT_YTD,19,I,,
AT_YTD,19,J,,
AT_YTD,19,K,,
AT_YTD,19,L,,
AT_YTD,19,M,,
AT_YTD,19,N,,
AT_YTD,19,O,,
AT_YTD,19,P,,
AT_YTD,19,Q,,
AT_YTD,19,R,,
AT_YTD,19,S,,
AT_YTD,19,T,,
AT_YTD,19,U,,
AT_YTD,19,V,,
AT_YTD,19,W,,
AT_YTD,19,X,,
AT_YTD,19,Y,,
AT_YTD,19,Z,,
AT_YTD,20,A,,
AT_YTD,20,B,,
AT_YTD,20,C,,
AT_YTD,20,D,,
AT_YTD,20,E,,
AT_YTD,20,F,,
AT_YTD,20,G,,
AT_YTD,20,H,,
AT_YTD,20,I,,
AT_YTD,20,J,,
AT_YTD,20,K,,
AT_YTD,20,L,,
AT_YTD,20,M,,
AT_YTD,20,N,,
AT_YTD,20,O,,
AT_YTD,20,P,,
AT_YTD,20,Q,,
AT_YTD,20,R,,
AT_YTD,20,S,,
AT_YTD,20,T,,
AT_YTD,20,U,,
AT_YTD,20,V,,
AT_YTD,20,W,,
AT_YTD,20,X,,
AT_YTD,20,Y,,
AT_YTD,20,Z,,
AT_YTD,21,A,,
AT_YTD,21,B,,
AT_YTD,21,C,,
AT_YTD,21,D,,
AT_YTD,21,E,,
AT_YTD,21,F,,
AT_YTD,21,G,,
AT_YTD,21,H,,
AT_YTD,21,I,,
AT_YTD,21,J,,
AT_YTD,21,K,,
AT_YTD,21,L,,
AT_YTD,21,M,,
AT_YTD,21,N,,
AT_YTD,21,O,,
AT_YTD,21,P,,
AT_YTD,21,Q,,
AT_YTD,21,R,,
AT_YTD,21,S,,
AT_YTD,21,T,,
AT_YTD,21,U,,
AT_YTD,21,V,,
AT_YTD,21,W,,
AT_YTD,21,X,,
AT_YTD,21,Y,,
AT_YTD,21,Z,,
AT_YTD,22,A,,
AT_YTD,22,B,,
AT_YTD,22,C,,
AT_YTD,22,D,,
AT_YTD,22,E,,
AT_YTD,22,F,,
AT_YTD,22,G,,
AT_YTD,22,H,,
AT_YTD,22,I,,
AT_YTD,22,J,,
AT_YTD,22,K,,
AT_YTD,22,L,,
AT_YTD,22,M,,
AT_YTD,22,N,,
AT_YTD,22,O,,
AT_YTD,22,P,,
AT_YTD,22,Q,,
AT_YTD,22,R,,
AT_YTD,22,S,,
AT_YTD,22,T,,
AT_YTD,22,U,,
AT_YTD,22,V,,
AT_YTD,22,W,,
AT_YTD,22,X,,
AT_YTD,22,Y,,
AT_YTD,22,Z,,
AT_YTD,23,A,,
AT_YTD,23,B,,
AT_YTD,23,C,,
AT_YTD,23,D,,
AT_YTD,23,E,,
AT_YTD,23,F,,
AT_YTD,23,G,,
AT_YTD,23,H,,
AT_YTD,23,I,,
AT_YTD,23,J,,
AT_YTD,23,K,,
AT_YTD,23,L,,
AT_YTD,23,M,,
AT_YTD,23,N,,
AT_YTD,23,O,,
AT_YTD,23,P,,
AT_YTD,23,Q,,
AT_YTD,23,R,,
AT_YTD,23,S,,
AT_YTD,23,T,,
AT_YTD,23,U,,
AT_YTD,23,V,,
AT_YTD,23,W,,
AT_YTD,23,X,,
AT_YTD,23,Y,,
AT_YTD,23,Z,,
AT_YTD,24,A,,
AT_YTD,24,B,,
AT_YTD,24,C,,
AT_YTD,24,D,,
AT_YTD,24,E,,
AT_YTD,24,F,,
AT_YTD,24,G,,
AT_YTD,24,H,,
AT_YTD,24,I,,
AT_YTD,24,J,,
AT_YTD,24,K,,
AT_YTD,24,L,,
AT_YTD,24,M,,
AT_YTD,24,N,,
AT_YTD,24,O,,
AT_YTD,24,P,,
AT_YTD,24,Q,,
AT_YTD,24,R,,
AT_YTD,24,S,,
AT_YTD,24,T,,
AT_YTD,24,U,,
AT_YTD,24,V,,
AT_YTD,24,W,,
AT_YTD,24,X,,
AT_YTD,24,Y,,
AT_YTD,24,Z,,
AT_YTD,25,A,,
AT_YTD,25,B,,
AT_YTD,25,C,,
AT_YTD,25,D,,
AT_YTD,25,E,,
AT_YTD,25,F,,
AT_YTD,25,G,,
AT_YTD,25,H,,
AT_YTD,25,I,,
AT_YTD,25,J,,
AT_YTD,25,K,,
AT_YTD,25,L,,
AT_YTD,25,M,,
AT_YTD,25,N,,
AT_YTD,25,O,,
AT_YTD,25,P,,
AT_YTD,25,Q,,
AT_YTD,25,R,,
AT_YTD,25,S,,
AT_YTD,25,T,,
AT_YTD,25,U,,
AT_YTD,25,V,,
AT_YTD,25,W,,
AT_YTD,25,X,,
AT_YTD,25,Y,,
AT_YTD,25,Z,,
AT_YTD,26,A,,
AT_YTD,26,B,,
AT_YTD,26,C,,
AT_YTD,26,D,,
AT_YTD,26,E,,
AT_YTD,26,F,,
AT_YTD,26,G,,
AT_YTD,26,H,,
AT_YTD,26,I,,
AT_YTD,26,J,,
AT_YTD,26,K,,
AT_YTD,26,L,,
AT_YTD,26,M,,
AT_YTD,26,N,,
AT_YTD,26,O,,
AT_YTD,26,P,,
AT_YTD,26,Q,,
AT_YTD,26,R,,
AT_YTD,26,S,,
AT_YTD,26,T,,
AT_YTD,26,U,,
AT_YTD,26,V,,
AT_YTD,26,W,,
AT_YTD,26,X,,
AT_YTD,26,Y,,
AT_YTD,26,Z,,
AT_YTD,27,A,,
AT_YTD,27,B,,
AT_YTD,27,C,,
AT_YTD,27,D,,
AT_YTD,27,E,,
AT_YTD,27,F,,
AT_YTD,27,G,,
AT_YTD,27,H,,
AT_YTD,27,I,,
AT_YTD,27,J,,
AT_YTD,27,K,,
AT_YTD,27,L,,
AT_YTD,27,M,,
AT_YTD,27,N,,
AT_YTD,27,O,,
AT_YTD,27,P,,
AT_YTD,27,Q,,
AT_YTD,27,R,,
AT_YTD,27,S,,
AT_YTD,27,T,,
AT_YTD,27,U,,
AT_YTD,27,V,,
AT_YTD,27,W,,
AT_YTD,27,X,,
AT_YTD,27,Y,,
AT_YTD,27,Z,,
AT_YTD,28,A,,
AT_YTD,28,B,,
AT_YTD,28,C,,
AT_YTD,28,D,,
AT_YTD,28,E,,
AT_YTD,28,F,,
AT_YTD,28,G,,
AT_YTD,28,H,,
AT_YTD,28,I,,
AT_YTD,28,J,,
AT_YTD,28,K,,
AT_YTD,28,L,,
AT_YTD,28,M,,
AT_YTD,28,N,,
AT_YTD,28,O,,
AT_YTD,28,P,,
AT_YTD,28,Q,,
AT_YTD,28,R,,
AT_YTD,28,S,,
AT_YTD,28,T,,
AT_YTD,28,U,,
AT_YTD,28,V,,
AT_YTD,28,W,,
AT_YTD,28,X,,
AT_YTD,28,Y,,
AT_YTD,28,Z,,
AT_YTD,29,A,,
AT_YTD,29,B,,
AT_YTD,29,C,,
AT_YTD,29,D,,
AT_YTD,29,E,,
AT_YTD,29,F,,
AT_YTD,29,G,,
AT_YTD,29,H,,
AT_YTD,29,I,,
AT_YTD,29,J,,
AT_YTD,29,K,,
AT_YTD,29,L,,
AT_YTD,29,M,,
AT_YTD,29,N,,
AT_YTD,29,O,,
AT_YTD,29,P,,
AT_YTD,29,Q,,
AT_YTD,29,R,,
AT_YTD,29,S,,
AT_YTD,29,T,,
AT_YTD,29,U,,
AT_YTD,29,V,,
AT_YTD,29,W,,
AT_YTD,29,X,,
AT_YTD,29,Y,,
AT_YTD,29,Z,,
AT_YTD,30,A,,
AT_YTD,30,B,,
AT_YTD,30,C,,
AT_YTD,30,D,,
AT_YTD,30,E,,
AT_YTD,30,F,,
AT_YTD,30,G,,
AT_YTD,30,H,,
AT_YTD,30,I,,
AT_YTD,30,J,,
AT_YTD,30,K,,
AT_YTD,30,L,,
AT_YTD,30,M,,
AT_YTD,30,N,,
AT_YTD,30,O,,
AT_YTD,30,P,,
AT_YTD,30,Q,,
AT_YTD,30,R,,
AT_YTD,30,S,,
AT_YTD,30,T,,
AT_YTD,30,U,,
AT_YTD,30,V,,
AT_YTD,30,W,,
AT_YTD,30,X,,
AT_YTD,30,Y,,
AT_YTD,30,Z,,
AT_YTD,31,A,,
AT_YTD,31,B,,
AT_YTD,31,C,,
AT_YTD,31,D,,
AT_YTD,31,E,,
AT_YTD,31,F,,
AT_YTD,31,G,,
AT_YTD,31,H,,
AT_YTD,31,I,,
AT_YTD,31,J,,
AT_YTD,31,K,,
AT_YTD,31,L,,
AT_YTD,31,M,,
AT_YTD,31,N,,
AT_YTD,31,O,,
AT_YTD,31,P,,
AT_YTD,31,Q,,
AT_YTD,31,R,,
AT_YTD,31,S,,
AT_YTD,31,T,,
AT_YTD,31,U,,
AT_YTD,31,V,,
AT_YTD,31,W,,
AT_YTD,31,X,,
AT_YTD,31,Y,,
AT_YTD,31,Z,,
AT_YTD,32,A,,
AT_YTD,32,B,,
AT_YTD,32,C,,
AT_YTD,32,D,,
AT_YTD,32,E,,
AT_YTD,32,F,,
AT_YTD,32,G,,
AT_YTD,32,H,,
AT_YTD,32,I,,
AT_YTD,32,J,,
AT_YTD,32,K,,
AT_YTD,32,L,,
AT_YTD,32,M,,
AT_YTD,32,N,,
AT_YTD,32,O,,
AT_YTD,32,P,,
AT_YTD,32,Q,,
AT_YTD,32,R,,
AT_YTD,32,S,,
AT_YTD,32,T,,
AT_YTD,32,U,,
AT_YTD,32,V,,
AT_YTD,32,W,,
AT_YTD,32,X,,
AT_YTD,32,Y,,
AT_YTD,32,Z,,
AT_YTD,33,A,,
AT_YTD,33,B,,
AT_YTD,33,C,,
AT_YTD,33,D,,
AT_YTD,33,E,,
AT_YTD,33,F,,
AT_YTD,33,G,,
AT_YTD,33,H,,
AT_YTD,33,I,,
AT_YTD,33,J,,
AT_YTD,33,K,,
AT_YTD,33,L,,
AT_YTD,33,M,,
AT_YTD,33,N,,
AT_YTD,33,O,,
AT_YTD,33,P,,
AT_YTD,33,Q,,
AT_YTD,33,R,,
AT_YTD,33,S,,
AT_YTD,33,T,,
AT_YTD,33,U,,
AT_YTD,33,V,,
AT_YTD,33,W,,
AT_YTD,33,X,,
AT_YTD,33,Y,,
AT_YTD,33,Z,,
AT_YTD,34,A,,
AT_YTD,34,B,,
AT_YTD,34,C,,
AT_YTD,34,D,,
AT_YTD,34,E,,
AT_YTD,34,F,,
AT_YTD,34,G,,
AT_YTD,34,H,,
AT_YTD,34,I,,
AT_YTD,34,J,,
AT_YTD,34,K,,
AT_YTD,34,L,,
AT_YTD,34,M,,
AT_YTD,34,N,,
AT_YTD,34,O,,
AT_YTD,34,P,,
AT_YTD,34,Q,,
AT_YTD,34,R,,
AT_YTD,34,S,,
AT_YTD,34,T,,
AT_YTD,34,U,,
AT_YTD,34,V,,
AT_YTD,34,W,,
AT_YTD,34,X,,
AT_YTD,34,Y,,
AT_YTD,34,Z,,
AT_YTD,35,A,,
AT_YTD,35,B,,
AT_YTD,35,C,,
AT_YTD,35,D,,
AT_YTD,35,E,,
AT_YTD,35,F,,
AT_YTD,35,G,,
AT_YTD,35,H,,
AT_YTD,35,I,,
AT_YTD,35,J,,
AT_YTD,35,K,,
AT_YTD,35,L,,
AT_YTD,35,M,,
AT_YTD,35,N,,
AT_YTD,35,O,,
AT_YTD,35,P,,
AT_YTD,35,Q,,
AT_YTD,35,R,,
AT_YTD,35,S,,
AT_YTD,35,T,,
AT_YTD,35,U,,
AT_YTD,35,V,,
AT_YTD,35,W,,
AT_YTD,35,X,,
AT_YTD,35,Y,,
AT_YTD,35,Z,,
AT_YTD,36,A,,
AT_YTD,36,B,,
AT_YTD,36,C,,
AT_YTD,36,D,,
AT_YTD,36,E,,
AT_YTD,36,F,,
AT_YTD,36,G,,
AT_YTD,36,H,,
AT_YTD,36,I,,
AT_YTD,36,J,,
AT_YTD,36,K,,
AT_YTD,36,L,,
AT_YTD,36,M,,
AT_YTD,36,N,,
AT_YTD,36,O,,
AT_YTD,36,P,,
AT_YTD,36,Q,,
AT_YTD,36,R,,
AT_YTD,36,S,,
AT_YTD,36,T,,
AT_YTD,36,U,,
AT_YTD,36,V,,
AT_YTD,36,W,,
AT_YTD,36,X,,
AT_YTD,36,Y,,
AT_YTD,36,Z,,
AT_YTD,37,A,,
AT_YTD,37,B,,
AT_YTD,37,C,,
AT_YTD,37,D,,
AT_YTD,37,E,,
AT_YTD,37,F,,
AT_YTD,37,G,,
AT_YTD,37,H,,
AT_YTD,37,I,,
AT_YTD,37,J,,
AT_YTD,37,K,,
AT_YTD,37,L,,
AT_YTD,37,M,,
AT_YTD,37,N,,
AT_YTD,37,O,,
AT_YTD,37,P,,
AT_YTD,37,Q,,
AT_YTD,37,R,,
AT_YTD,37,S,,
AT_YTD,37,T,,
AT_YTD,37,U,,
AT_YTD,37,V,,
AT_YTD,37,W,,
AT_YTD,37,X,,
AT_YTD,37,Y,,
AT_YTD,37,Z,,
AT_YTD,38,A,,
AT_YTD,38,B,,
AT_YTD,38,C,,
AT_YTD,38,D,,
AT_YTD,38,E,,
AT_YTD,38,F,,
AT_YTD,38,G,,
AT_YTD,38,H,,
AT_YTD,38,I,,
AT_YTD,38,J,,
AT_YTD,38,K,,
AT_YTD,38,L,,
AT_YTD,38,M,,
AT_YTD,38,N,,
AT_YTD,38,O,,
AT_YTD,38,P,,
AT_YTD,38,Q,,
AT_YTD,38,R,,
AT_YTD,38,S,,
AT_YTD,38,T,,
AT_YTD,38,U,,
AT_YTD,38,V,,
AT_YTD,38,W,,
AT_YTD,38,X,,
AT_YTD,38,Y,,
AT_YTD,38,Z,,
AT_YTD,39,A,,
AT_YTD,39,B,,
AT_YTD,39,C,,
AT_YTD,39,D,,
AT_YTD,39,E,,
AT_YTD,39,F,,
AT_YTD,39,G,,
AT_YTD,39,H,,
AT_YTD,39,I,,
AT_YTD,39,J,,
AT_YTD,39,K,,
AT_YTD,39,L,,
AT_YTD,39,M,,
AT_YTD,39,N,,
AT_YTD,39,O,,
AT_YTD,39,P,,
AT_YTD,39,Q,,
AT_YTD,39,R,,
AT_YTD,39,S,,
AT_YTD,39,T,,
AT_YTD,39,U,,
AT_YTD,39,V,,
AT_YTD,39,W,,
AT_YTD,39,X,,
AT_YTD,39,Y,,
AT_YTD,39,Z,,
AT_YTD,40,A,,
AT_YTD,40,B,,
AT_YTD,40,C,,
AT_YTD,40,D,,
AT_YTD,40,E,,
AT_YTD,40,F,,
AT_YTD,40,G,,
AT_YTD,40,H,,
AT_YTD,40,I,,
AT_YTD,40,J,,
AT_YTD,40,K,,
AT_YTD,40,L,,
AT_YTD,40,M,,
AT_YTD,40,N,,
AT_YTD,40,O,,
AT_YTD,40,P,,
AT_YTD,40,Q,,
AT_YTD,40,R,,
AT_YTD,40,S,,
AT_YTD,40,T,,
AT_YTD,40,U,,
AT_YTD,40,V,,
AT_YTD,40,W,,
AT_YTD,40,X,,
AT_YTD,40,Y,,
AT_YTD,40,Z,,
AT_YTD,41,A,,
AT_YTD,41,B,,
AT_YTD,41,C,,
AT_YTD,41,D,,
AT_YTD,41,E,,
AT_YTD,41,F,,
AT_YTD,41,G,,
AT_YTD,41,H,,
AT_YTD,41,I,,
AT_YTD,41,J,,
AT_YTD,41,K,,
AT_YTD,41,L,,
AT_YTD,41,M,,
AT_YTD,41,N,,
AT_YTD,41,O,,
AT_YTD,41,P,,
AT_YTD,41,Q,,
AT_YTD,41,R,,
AT_YTD,41,S,,
AT_YTD,41,T,,
AT_YTD,41,U,,
AT_YTD,41,V,,
AT_YTD,41,W,,
AT_YTD,41,X,,
AT_YTD,41,Y,,
AT_YTD,41,Z,,
AT_YTD,42,A,,
AT_YTD,42,B,,
AT_YTD,42,C,,
AT_YTD,42,D,,
AT_YTD,42,E,,
AT_YTD,42,F,,
AT_YTD,42,G,,
AT_YTD,42,H,,
AT_YTD,42,I,,
AT_YTD,42,J,,
AT_YTD,42,K,,
AT_YTD,42,L,,
AT_YTD,42,M,,
AT_YTD,42,N,,
AT_YTD,42,O,,
AT_YTD,42,P,,
AT_YTD,42,Q,,
AT_YTD,42,R,,
AT_YTD,42,S,,
AT_YTD,42,T,,
AT_YTD,42,U,,
AT_YTD,42,V,,
AT_YTD,42,W,,
AT_YTD,42,X,,
AT_YTD,42,Y,,
AT_YTD,42,Z,,
AT_YTD,43,A,,
AT_YTD,43,B,,
AT_YTD,43,C,,
AT_YTD,43,D,,
AT_YTD,43,E,,
AT_YTD,43,F,,
AT_YTD,43,G,,
AT_YTD,43,H,,
AT_YTD,43,I,,
AT_YTD,43,J,,
AT_YTD,43,K,,
AT_YTD,43,L,,
AT_YTD,43,M,,
AT_YTD,43,N,,
AT_YTD,43,O,,
AT_YTD,43,P,,
AT_YTD,43,Q,,
AT_YTD,43,R,,
AT_YTD,43,S,,
AT_YTD,43,T,,
AT_YTD,43,U,,
AT_YTD,43,V,,
AT_YTD,43,W,,
AT_YTD,43,X,,
AT_YTD,43,Y,,
AT_YTD,43,Z,,
AT_YTD,44,A,,
AT_YTD,44,B,,
AT_YTD,44,C,,
AT_YTD,44,D,,
AT_YTD,44,E,,
AT_YTD,44,F,,
AT_YTD,44,G,,
AT_YTD,44,H,,
AT_YTD,44,I,,
AT_YTD,44,J,,
AT_YTD,44,K,,
AT_YTD,44,L,,
AT_YTD,44,M,,
AT_YTD,44,N,,
AT_YTD,44,O,,
AT_YTD,44,P,,
AT_YTD,44,Q,,
AT_YTD,44,R,,
AT_YTD,44,S,,
AT_YTD,44,T,,
AT_YTD,44,U,,
AT_YTD,44,V,,
AT_YTD,44,W,,
AT_YTD,44,X,,
AT_YTD,44,Y,,
AT_YTD,44,Z,,
AT_YTD,45,A,,
AT_YTD,45,B,,
AT_YTD,45,C,,
AT_YTD,45,D,,
AT_YTD,45,E,,
AT_YTD,45,F,,
AT_YTD,45,G,,
AT_YTD,45,H,,
AT_YTD,45,I,,
AT_YTD,45,J,,
AT_YTD,45,K,,
AT_YTD,45,L,,
AT_YTD,45,M,,
AT_YTD,45,N,,
AT_YTD,45,O,,
AT_YTD,45,P,,
AT_YTD,45,Q,,
AT_YTD,45,R,,
AT_YTD,45,S,,
AT_YTD,45,T,,
AT_YTD,45,U,,
AT_YTD,45,V,,
AT_YTD,45,W,,
AT_YTD,45,X,,
AT_YTD,45,Y,,
AT_YTD,45,Z,,
AT_YTD,46,A,,
AT_YTD,46,B,,
AT_YTD,46,C,,
AT_YTD,46,D,,
AT_YTD,46,E,,
AT_YTD,46,F,,
AT_YTD,46,G,,
AT_YTD,46,H,,
AT_YTD,46,I,,
AT_YTD,46,J,,
AT_YTD,46,K,,
AT_YTD,46,L,,
AT_YTD,46,M,,
AT_YTD,46,N,,
AT_YTD,46,O,,
AT_YTD,46,P,,
AT_YTD,46,Q,,
AT_YTD,46,R,,
AT_YTD,46,S,,
AT_YTD,46,T,,
AT_YTD,46,U,,
AT_YTD,46,V,,
AT_YTD,46,W,,
AT_YTD,46,X,,
AT_YTD,46,Y,,
AT_YTD,46,Z,,
AT_YTD,47,A,,
AT_YTD,47,B,,
AT_YTD,47,C,,
AT_YTD,47,D,,
AT_YTD,47,E,,
AT_YTD,47,F,,
AT_YTD,47,G,,
AT_YTD,47,H,,
AT_YTD,47,I,,
AT_YTD,47,J,,
AT_YTD,47,K,,
AT_YTD,47,L,,
AT_YTD,47,M,,
AT_YTD,47,N,,
AT_YTD,47,O,,
AT_YTD,47,P,,
AT_YTD,47,Q,,
AT_YTD,47,R,,
AT_YTD,47,S,,
AT_YTD,47,T,,
AT_YTD,47,U,,
AT_YTD,47,V,,
AT_YTD,47,W,,
AT_YTD,47,X,,
AT_YTD,47,Y,,
AT_YTD,47,Z,,
AT_YTD,48,A,,
AT_YTD,48,B,,
AT_YTD,48,C,,
AT_YTD,48,D,,
AT_YTD,48,E,,
AT_YTD,48,F,,
AT_YTD,48,G,,
AT_YTD,48,H,,
AT_YTD,48,I,,
AT_YTD,48,J,,
AT_YTD,48,K,,
AT_YTD,48,L,,
AT_YTD,48,M,,
AT_YTD,48,N,,
AT_YTD,48,O,,
AT_YTD,48,P,,
AT_YTD,48,Q,,
AT_YTD,48,R,,
AT_YTD,48,S,,
AT_YTD,48,T,,
AT_YTD,48,U,,
AT_YTD,48,V,,
AT_YTD,48,W,,
AT_YTD,48,X,,
AT_YTD,48,Y,,
AT_YTD,48,Z,,
AT_YTD,49,A,,
AT_YTD,49,B,,
AT_YTD,49,C,,
AT_YTD,49,D,,
AT_YTD,49,E,,
AT_YTD,49,F,,
AT_YTD,49,G,,
AT_YTD,49,H,,
AT_YTD,49,I,,
AT_YTD,49,J,,
AT_YTD,49,K,,
AT_YTD,49,L,,
AT_YTD,49,M,,
AT_YTD,49,N,,
AT_YTD,49,O,,
AT_YTD,49,P,,
AT_YTD,49,Q,,
AT_YTD,49,R,,
AT_YTD,49,S,,
AT_YTD,49,T,,
AT_YTD,49,U,,
AT_YTD,49,V,,
AT_YTD,49,W,,
AT_YTD,49,X,,
AT_YTD,49,Y,,
AT_YTD,49,Z,,
AT_YTD,50,A,,
AT_YTD,50,B,,
AT_YTD,50,C,,
AT_YTD,50,D,,
AT_YTD,50,E,,
AT_YTD,50,F,,
AT_YTD,50,G,,
AT_YTD,50,H,,
AT_YTD,50,I,,
AT_YTD,50,J,,
AT_YTD,50,K,,
AT_YTD,50,L,,
AT_YTD,50,M,,
AT_YTD,50,N,,
AT_YTD,50,O,,
AT_YTD,50,P,,
AT_YTD,50,Q,,
AT_YTD,50,R,,
AT_YTD,50,S,,
AT_YTD,50,T,,
AT_YTD,50,U,,
AT_YTD,50,V,,
AT_YTD,50,W,,
AT_YTD,50,X,,
AT_YTD,50,Y,,
AT_YTD,50,Z,,
AT_YTD,51,A,,
AT_YTD,51,B,,
AT_YTD,51,C,,
AT_YTD,51,D,,
AT_YTD,51,E,,
AT_YTD,51,F,,
AT_YTD,51,G,,
AT_YTD,51,H,,
AT_YTD,51,I,,
AT_YTD,51,J,,
AT_YTD,51,K,,
AT_YTD,51,L,,
AT_YTD,51,M,,
AT_YTD,51,N,,
AT_YTD,51,O,,
AT_YTD,51,P,,
AT_YTD,51,Q,,
AT_YTD,51,R,,
AT_YTD,51,S,,
AT_YTD,51,T,,
AT_YTD,51,U,,
AT_YTD,51,V,,
AT_YTD,51,W,,
AT_YTD,51,X,,
AT_YTD,51,Y,,
AT_YTD,51,Z,,
AT_YTD,52,A,,
AT_YTD,52,B,,
AT_YTD,52,C,,
AT_YTD,52,D,,
AT_YTD,52,E,,
AT_YTD,52,F,,
AT_YTD,52,G,,
AT_YTD,52,H,,
AT_YTD,52,I,,
AT_YTD,52,J,,
AT_YTD,52,K,,
AT_YTD,52,L,,
AT_YTD,52,M,,
AT_YTD,52,N,,
AT_YTD,52,O,,
AT_YTD,52,P,,
AT_YTD,52,Q,,
AT_YTD,52,R,,
AT_YTD,52,S,,
AT_YTD,52,T,,
AT_YTD,52,U,,
AT_YTD,52,V,,
AT_YTD,52,W,,
AT_YTD,52,X,,
AT_YTD,52,Y,,
AT_YTD,52,Z,,
AT_YTD,53,A,,
AT_YTD,53,B,,
AT_YTD,53,C,,
AT_YTD,53,D,,
AT_YTD,53,E,,
AT_YTD,53,F,,
AT_YTD,53,G,,
AT_YTD,53,H,,
AT_YTD,53,I,,
AT_YTD,53,J,,
AT_YTD,53,K,,
AT_YTD,53,L,,
AT_YTD,53,M,,
AT_YTD,53,N,,
AT_YTD,53,O,,
AT_YTD,53,P,,
AT_YTD,53,Q,,
AT_YTD,53,R,,
AT_YTD,53,S,,
AT_YTD,53,T,,
AT_YTD,53,U,,
AT_YTD,53,V,,
AT_YTD,53,W,,
AT_YTD,53,X,,
AT_YTD,53,Y,,
AT_YTD,53,Z,,
AT_YTD,54,A,,
AT_YTD,54,B,,
AT_YTD,54,C,,
AT_YTD,54,D,,
AT_YTD,54,E,,
AT_YTD,54,F,,
AT_YTD,54,G,,
AT_YTD,54,H,,
AT_YTD,54,I,,
AT_YTD,54,J,,
AT_YTD,54,K,,
AT_YTD,54,L,,
AT_YTD,54,M,,
AT_YTD,54,N,,
AT_YTD,54,O,,
AT_YTD,54,P,,
AT_YTD,54,Q,,
AT_YTD,54,R,,
AT_YTD,54,S,,
AT_YTD,54,T,,
AT_YTD,54,U,,
AT_YTD,54,V,,
AT_YTD,54,W,,
AT_YTD,54,X,,
AT_YTD,54,Y,,
AT_YTD,54,Z,,
AT_YTD,55,A,,
AT_YTD,55,B,,
AT_YTD,55,C,,
AT_YTD,55,D,,
AT_YTD,55,E,,
AT_YTD,55,F,,
AT_YTD,55,G,,
AT_YTD,55,H,,
AT_YTD,55,I,,
AT_YTD,55,J,,
AT_YTD,55,K,,
AT_YTD,55,L,,
AT_YTD,55,M,,
AT_YTD,55,N,,
AT_YTD,55,O,,
AT_YTD,55,P,,
AT_YTD,55,Q,,
AT_YTD,55,R,,
AT_YTD,55,S,,
AT_YTD,55,T,,
AT_YTD,55,U,,
AT_YTD,55,V,,
AT_YTD,55,W,,
AT_YTD,55,X,,
AT_YTD,55,Y,,
AT_YTD,55,Z,,
AT_YTD,56,A,,
AT_YTD,56,B,,
AT_YTD,56,C,,
AT_YTD,56,D,,
AT_YTD,56,E,,
AT_YTD,56,F,,
AT_YTD,56,G,,
AT_YTD,56,H,,
AT_YTD,56,I,,
AT_YTD,56,J,,
AT_YTD,56,K,,
AT_YTD,56,L,,
AT_YTD,56,M,,
AT_YTD,56,N,,
AT_YTD,56,O,,
AT_YTD,56,P,,
AT_YTD,56,Q,,
AT_YTD,56,R,,
AT_YTD,56,S,,
AT_YTD,56,T,,
AT_YTD,56,U,,
AT_YTD,56,V,,
AT_YTD,56,W,,
AT_YTD,56,X,,
AT_YTD,56,Y,,
AT_YTD,56,Z,,
AT_YTD,57,A,,
AT_YTD,57,B,,
AT_YTD,57,C,,
AT_YTD,57,D,,
AT_YTD,57,E,,
AT_YTD,57,F,,
AT_YTD,57,G,,
AT_YTD,57,H,,
AT_YTD,57,I,,
AT_YTD,57,J,,
AT_YTD,57,K,,
AT_YTD,57,L,,
AT_YTD,57,M,,
AT_YTD,57,N,,
AT_YTD,57,O,,
AT_YTD,57,P,,
AT_YTD,57,Q,,
AT_YTD,57,R,,
AT_YTD,57,S,,
AT_YTD,57,T,,
AT_YTD,57,U,,
AT_YTD,57,V,,
AT_YTD,57,W,,
AT_YTD,57,X,,
AT_YTD,57,Y,,
AT_YTD,57,Z,,
AT_YTD,58,A,,
AT_YTD,58,B,,
AT_YTD,58,C,,
AT_YTD,58,D,,
AT_YTD,58,E,,
AT_YTD,58,F,,
AT_YTD,58,G,,
AT_YTD,58,H,,
AT_YTD,58,I,,
AT_YTD,58,J,,
AT_YTD,58,K,,
AT_YTD,58,L,,
AT_YTD,58,M,,
AT_YTD,58,N,,
AT_YTD,58,O,,
AT_YTD,58,P,,
AT_YTD,58,Q,,
AT_YTD,58,R,,
AT_YTD,58,S,,
AT_YTD,58,T,,
AT_YTD,58,U,,
AT_YTD,58,V,,
AT_YTD,58,W,,
AT_YTD,58,X,,
AT_YTD,58,Y,,
AT_YTD,58,Z,,
AT_YTD,59,A,,
AT_YTD,59,B,,
AT_YTD,59,C,,
AT_YTD,59,D,,
AT_YTD,59,E,,
AT_YTD,59,F,,
AT_YTD,59,G,,
AT_YTD,59,H,,
AT_YTD,59,I,,
AT_YTD,59,J,,
AT_YTD,59,K,,
AT_YTD,59,L,,
AT_YTD,59,M,,
AT_YTD,59,N,,
AT_YTD,59,O,,
AT_YTD,59,P,,
AT_YTD,59,Q,,
AT_YTD,59,R,,
AT_YTD,59,S,,
AT_YTD,59,T,,
AT_YTD,59,U,,
AT_YTD,59,V,,
AT_YTD,59,W,,
AT_YTD,59,X,,
AT_YTD,59,Y,,
AT_YTD,59,Z,,
AT_YTD,60,A,,
AT_YTD,60,B,,
AT_YTD,60,C,,
AT_YTD,60,D,,
AT_YTD,60,E,,
AT_YTD,60,F,,
AT_YTD,60,G,,
AT_YTD,60,H,,
AT_YTD,60,I,,
AT_YTD,60,J,,
AT_YTD,60,K,,
AT_YTD,60,L,,
AT_YTD,60,M,,
AT_YTD,60,N,,
AT_YTD,60,O,,
AT_YTD,60,P,,
AT_YTD,60,Q,,
AT_YTD,60,R,,
AT_YTD,60,S,,
AT_YTD,60,T,,
AT_YTD,60,U,,
AT_YTD,60,V,,
AT_YTD,60,W,,
AT_YTD,60,X,,
AT_YTD,60,Y,,
AT_YTD,60,Z,,
AT_YTD,61,A,,
AT_YTD,61,B,,
AT_YTD,61,C,,
AT_YTD,61,D,,
AT_YTD,61,E,,
AT_YTD,61,F,,
AT_YTD,61,G,,
AT_YTD,61,H,,
AT_YTD,61,I,,
AT_YTD,61,J,,
AT_YTD,61,K,,
AT_YTD,61,L,,
AT_YTD,61,M,,
AT_YTD,61,N,,
AT_YTD,61,O,,
AT_YTD,61,P,,
AT_YTD,61,Q,,
AT_YTD,61,R,,
AT_YTD,61,S,,
AT_YTD,61,T,,
AT_YTD,61,U,,
AT_YTD,61,V,,
AT_YTD,61,W,,
AT_YTD,61,X,,
AT_YTD,61,Y,,
AT_YTD,61,Z,,
AT_YTD,62,A,,
AT_YTD,62,B,,
AT_YTD,62,C,,
AT_YTD,62,D,,
AT_YTD,62,E,,
AT_YTD,62,F,,
AT_YTD,62,G,,
AT_YTD,62,H,,
AT_YTD,62,I,,
AT_YTD,62,J,,
AT_YTD,62,K,,
AT_YTD,62,L,,
AT_YTD,62,M,,
AT_YTD,62,N,,
AT_YTD,62,O,,
AT_YTD,62,P,,
AT_YTD,62,Q,,
AT_YTD,62,R,,
AT_YTD,62,S,,
AT_YTD,62,T,,
AT_YTD,62,U,,
AT_YTD,62,V,,
AT_YTD,62,W,,
AT_YTD,62,X,,
AT_YTD,62,Y,,
AT_YTD,62,Z,,
AT_YTD,63,A,,
AT_YTD,63,B,,
AT_YTD,63,C,,
AT_YTD,63,D,,
AT_YTD,63,E,,
AT_YTD,63,F,,
AT_YTD,63,G,,
AT_YTD,63,H,,
AT_YTD,63,I,,
AT_YTD,63,J,,
AT_YTD,63,K,,
AT_YTD,63,L,,
AT_YTD,63,M,,
AT_YTD,63,N,,
AT_YTD,63,O,,
AT_YTD,63,P,,
AT_YTD,63,Q,,
AT_YTD,63,R,,
AT_YTD,63,S,,
AT_YTD,63,T,,
AT_YTD,63,U,,
AT_YTD,63,V,,
AT_YTD,63,W,,
AT_YTD,63,X,,
AT_YTD,63,Y,,
AT_YTD,63,Z,,
AT_YTD,64,A,,
AT_YTD,64,B,,
AT_YTD,64,C,,
AT_YTD,64,D,,
AT_YTD,64,E,,
AT_YTD,64,F,,
AT_YTD,64,G,,
AT_YTD,64,H,,
AT_YTD,64,I,,
AT_YTD,64,J,,
AT_YTD,64,K,,
AT_YTD,64,L,,
AT_YTD,64,M,,
AT_YTD,64,N,,
AT_YTD,64,O,,
AT_YTD,64,P,,
AT_YTD,64,Q,,
AT_YTD,64,R,,
AT_YTD,64,S,,
AT_YTD,64,T,,
AT_YTD,64,U,,
AT_YTD,64,V,,
AT_YTD,64,W,,
AT_YTD,64,X,,
AT_YTD,64,Y,,
AT_YTD,64,Z,,
AT_YTD,65,A,,
AT_YTD,65,B,,
AT_YTD,65,C,,
AT_YTD,65,D,,
AT_YTD,65,E,,
AT_YTD,65,F,,
AT_YTD,65,G,,
AT_YTD,65,H,,
AT_YTD,65,I,,
AT_YTD,65,J,,
AT_YTD,65,K,,
AT_YTD,65,L,,
AT_YTD,65,M,,
AT_YTD,65,N,,
AT_YTD,65,O,,
AT_YTD,65,P,,
AT_YTD,65,Q,,
AT_YTD,65,R,,
AT_YTD,65,S,,
AT_YTD,65,T,,
AT_YTD,65,U,,
AT_YTD,65,V,,
AT_YTD,65,W,,
AT_YTD,65,X,,
AT_YTD,65,Y,,
AT_YTD,65,Z,,
AT_YTD,66,A,,
AT_YTD,66,B,,
AT_YTD,66,C,,
AT_YTD,66,D,,
AT_YTD,66,E,,
AT_YTD,66,F,,
AT_YTD,66,G,,
AT_YTD,66,H,,
AT_YTD,66,I,,
AT_YTD,66,J,,
AT_YTD,66,K,,
AT_YTD,66,L,,
AT_YTD,66,M,,
AT_YTD,66,N,,
AT_YTD,66,O,,
AT_YTD,66,P,,
AT_YTD,66,Q,,
AT_YTD,66,R,,
AT_YTD,66,S,,
AT_YTD,66,T,,
AT_YTD,66,U,,
AT_YTD,66,V,,
AT_YTD,66,W,,
AT_YTD,66,X,,
AT_YTD,66,Y,,
AT_YTD,66,Z,,
AT_YTD,67,A,,
AT_YTD,67,B,,
AT_YTD,67,C,,
AT_YTD,67,D,,
AT_YTD,67,E,,
AT_YTD,67,F,,
AT_YTD,67,G,,
AT_YTD,67,H,,
AT_YTD,67,I,,
AT_YTD,67,J,,
AT_YTD,67,K,,
AT_YTD,67,L,,
AT_YTD,67,M,,
AT_YTD,67,N,,
AT_YTD,67,O,,
AT_YTD,67,P,,
AT_YTD,67,Q,,
AT_YTD,67,R,,
AT_YTD,67,S,,
AT_YTD,67,T,,
AT_YTD,67,U,,
AT_YTD,67,V,,
AT_YTD,67,W,,
AT_YTD,67,X,,
AT_YTD,67,Y,,
AT_YTD,67,Z,,
AT_YTD,68,A,,
AT_YTD,68,B,,
AT_YTD,68,C,,
AT_YTD,68,D,,
AT_YTD,68,E,,
AT_YTD,68,F,,
AT_YTD,68,G,,
AT_YTD,68,H,,
AT_YTD,68,I,,
AT_YTD,68,J,,
AT_YTD,68,K,,
AT_YTD,68,L,,
AT_YTD,68,M,,
AT_YTD,68,N,,
AT_YTD,68,O,,
AT_YTD,68,P,,
AT_YTD,68,Q,,
AT_YTD,68,R,,
AT_YTD,68,S,,
AT_YTD,68,T,,
AT_YTD,68,U,,
AT_YTD,68,V,,
AT_YTD,68,W,,
AT_YTD,68,X,,
AT_YTD,68,Y,,
AT_YTD,68,Z,,
AT_YTD,69,A,,
AT_YTD,69,B,,
AT_YTD,69,C,,
AT_YTD,69,D,,
AT_YTD,69,E,,
AT_YTD,69,F,,
AT_YTD,69,G,,
AT_YTD,69,H,,
AT_YTD,69,I,,
AT_YTD,69,J,,
AT_YTD,69,K,,
AT_YTD,69,L,,
AT_YTD,69,M,,
AT_YTD,69,N,,
AT_YTD,69,O,,
AT_YTD,69,P,,
AT_YTD,69,Q,,
AT_YTD,69,R,,
AT_YTD,69,S,,
AT_YTD,69,T,,
AT_YTD,69,U,,
AT_YTD,69,V,,
AT_YTD,69,W,,
AT_YTD,69,X,,
AT_YTD,69,Y,,
AT_YTD,69,Z,,
AT_YTD,70,A,,
AT_YTD,70,B,,
AT_YTD,70,C,,
AT_YTD,70,D,,
AT_YTD,70,E,,
AT_YTD,70,F,,
AT_YTD,70,G,,
AT_YTD,70,H,,
AT_YTD,70,I,,
AT_YTD,70,J,,
AT_YTD,70,K,,
AT_YTD,70,L,,
AT_YTD,70,M,,
AT_YTD,70,N,,
AT_YTD,70,O,,
AT_YTD,70,P,,
AT_YTD,70,Q,,
AT_YTD,70,R,,
AT_YTD,70,S,,
AT_YTD,70,T,,
AT_YTD,70,U,,
AT_YTD,70,V,,
AT_YTD,70,W,,
AT_YTD,70,X,,
AT_YTD,70,Y,,
AT_YTD,70,Z,,
AT_YTD,71,A,,
AT_YTD,71,B,,
AT_YTD,71,C,,
AT_YTD,71,D,,
AT_YTD,71,E,,
AT_YTD,71,F,,
AT_YTD,71,G,,
AT_YTD,71,H,,
AT_YTD,71,I,,
AT_YTD,71,J,,
AT_YTD,71,K,,
AT_YTD,71,L,,
AT_YTD,71,M,,
AT_YTD,71,N,,
AT_YTD,71,O,,
AT_YTD,71,P,,
AT_YTD,71,Q,,
AT_YTD,71,R,,
AT_YTD,71,S,,
AT_YTD,71,T,,
AT_YTD,71,U,,
AT_YTD,71,V,,
AT_YTD,71,W,,
AT_YTD,71,X,,
AT_YTD,71,Y,,
AT_YTD,71,Z,,
AT_YTD,72,A,,
AT_YTD,72,B,,
AT_YTD,72,C,,
AT_YTD,72,D,,
AT_YTD,72,E,,
AT_YTD,72,F,,
AT_YTD,72,G,,
AT_YTD,72,H,,
AT_YTD,72,I,,
AT_YTD,72,J,,
AT_YTD,72,K,,
AT_YTD,72,L,,
AT_YTD,72,M,,
AT_YTD,72,N,,
AT_YTD,72,O,,
AT_YTD,72,P,,
AT_YTD,72,Q,,
AT_YTD,72,R,,
AT_YTD,72,S,,
AT_YTD,72,T,,
AT_YTD,72,U,,
AT_YTD,72,V,,
AT_YTD,72,W,,
AT_YTD,72,X,,
AT_YTD,72,Y,,
AT_YTD,72,Z,,
AT_YTD,73,A,,
AT_YTD,73,B,,
AT_YTD,73,C,,
AT_YTD,73,D,,
AT_YTD,73,E,,
AT_YTD,73,F,,
AT_YTD,73,G,,
AT_YTD,73,H,,
AT_YTD,73,I,,
AT_YTD,73,J,,
AT_YTD,73,K,,
AT_YTD,73,L,,
AT_YTD,73,M,,
AT_YTD,73,N,,
AT_YTD,73,O,,
AT_YTD,73,P,,
AT_YTD,73,Q,,
AT_YTD,73,R,,
AT_YTD,73,S,,
AT_YTD,73,T,,
AT_YTD,73,U,,
AT_YTD,73,V,,
AT_YTD,73,W,,
AT_YTD,73,X,,
AT_YTD,73,Y,,
AT_YTD,73,Z,,
AT_YTD,74,A,,
AT_YTD,74,B,,
AT_YTD,74,C,,
AT_YTD,74,D,,
AT_YTD,74,E,,
AT_YTD,74,F,,
AT_YTD,74,G,,
AT_YTD,74,H,,
AT_YTD,74,I,,
AT_YTD,74,J,,
AT_YTD,74,K,,
AT_YTD,74,L,,
AT_YTD,74,M,,
AT_YTD,74,N,,
AT_YTD,74,O,,
AT_YTD,74,P,,
AT_YTD,74,Q,,
AT_YTD,74,R,,
AT_YTD,74,S,,
AT_YTD,74,T,,
AT_YTD,74,U,,
AT_YTD,74,V,,
AT_YTD,74,W,,
AT_YTD,74,X,,
AT_YTD,74,Y,,
AT_YTD,74,Z,,
AT_YTD,75,A,,
AT_YTD,75,B,,
AT_YTD,75,C,,
AT_YTD,75,D,,
AT_YTD,75,E,,
AT_YTD,75,F,,
AT_YTD,75,G,,
AT_YTD,75,H,,
AT_YTD,75,I,,
AT_YTD,75,J,,
AT_YTD,75,K,,
AT_YTD,75,L,,
AT_YTD,75,M,,
AT_YTD,75,N,,
AT_YTD,75,O,,
AT_YTD,75,P,,
AT_YTD,75,Q,,
AT_YTD,75,R,,
AT_YTD,75,S,,
AT_YTD,75,T,,
AT_YTD,75,U,,
AT_YTD,75,V,,
AT_YTD,75,W,,
AT_YTD,75,X,,
AT_YTD,75,Y,,
AT_YTD,75,Z,,
AT_YTD,76,A,,
AT_YTD,76,B,,
AT_YTD,76,C,,
AT_YTD,76,D,,
AT_YTD,76,E,,
AT_YTD,76,F,,
AT_YTD,76,G,,
AT_YTD,76,H,,
AT_YTD,76,I,,
AT_YTD,76,J,,
AT_YTD,76,K,,
AT_YTD,76,L,,
AT_YTD,76,M,,
AT_YTD,76,N,,
AT_YTD,76,O,,
AT_YTD,76,P,,
AT_YTD,76,Q,,
AT_YTD,76,R,,
AT_YTD,76,S,,
AT_YTD,76,T,,
AT_YTD,76,U,,
AT_YTD,76,V,,
AT_YTD,76,W,,
AT_YTD,76,X,,
AT_YTD,76,Y,,
AT_YTD,76,Z,,
AT_YTD,77,A,,
AT_YTD,77,B,,
AT_YTD,77,C,,
AT_YTD,77,D,,
AT_YTD,77,E,,
AT_YTD,77,F,,
AT_YTD,77,G,,
AT_YTD,77,H,,
AT_YTD,77,I,,
AT_YTD,77,J,,
AT_YTD,77,K,,
AT_YTD,77,L,,
AT_YTD,77,M,,
AT_YTD,77,N,,
AT_YTD,77,O,,
AT_YTD,77,P,,
AT_YTD,77,Q,,
AT_YTD,77,R,,
AT_YTD,77,S,,
AT_YTD,77,T,,
AT_YTD,77,U,,
AT_YTD,77,V,,
AT_YTD,77,W,,
AT_YTD,77,X,,
AT_YTD,77,Y,,
AT_YTD,77,Z,,
AT_YTD,78,A,,
AT_YTD,78,B,,
AT_YTD,78,C,,
AT_YTD,78,D,,
AT_YTD,78,E,,
AT_YTD,78,F,,
AT_YTD,78,G,,
AT_YTD,78,H,,
AT_YTD,78,I,,
AT_YTD,78,J,,
AT_YTD,78,K,,
AT_YTD,78,L,,
AT_YTD,78,M,,
AT_YTD,78,N,,
AT_YTD,78,O,,
AT_YTD,78,P,,
AT_YTD,78,Q,,
AT_YTD,78,R,,
AT_YTD,78,S,,
AT_YTD,78,T,,
AT_YTD,78,U,,
AT_YTD,78,V,,
AT_YTD,78,W,,
AT_YTD,78,X,,
AT_YTD,78,Y,,
AT_YTD,78,Z,,
AT_YTD,79,A,,
AT_YTD,79,B,,
AT_YTD,79,C,,
AT_YTD,79,D,,
AT_YTD,79,E,,
AT_YTD,79,F,,
AT_YTD,79,G,,
AT_YTD,79,H,,
AT_YTD,79,I,,
AT_YTD,79,J,,
AT_YTD,79,K,,
AT_YTD,79,L,,
AT_YTD,79,M,,
AT_YTD,79,N,,
AT_YTD,79,O,,
AT_YTD,79,P,,
AT_YTD,79,Q,,
AT_YTD,79,R,,
AT_YTD,79,S,,
AT_YTD,79,T,,
AT_YTD,79,U,,
AT_YTD,79,V,,
AT_YTD,79,W,,
AT_YTD,79,X,,
AT_YTD,79,Y,,
AT_YTD,79,Z,,
AT_YTD,80,A,,
AT_YTD,80,B,,
AT_YTD,80,C,,
AT_YTD,80,D,,
AT_YTD,80,E,,
AT_YTD,80,F,,
AT_YTD,80,G,,
AT_YTD,80,H,,
AT_YTD,80,I,,
AT_YTD,80,J,,
AT_YTD,80,K,,
AT_YTD,80,L,,
AT_YTD,80,M,,
AT_YTD,80,N,,
AT_YTD,80,O,,
AT_YTD,80,P,,
AT_YTD,80,Q,,
AT_YTD,80,R,,
AT_YTD,80,S,,
AT_YTD,80,T,,
AT_YTD,80,U,,
AT_YTD,80,V,,
AT_YTD,80,W,,
AT_YTD,80,X,,
AT_YTD,80,Y,,
AT_YTD,80,Z,,
AT_YTD,81,A,,
AT_YTD,81,B,,
AT_YTD,81,C,,
AT_YTD,81,D,,
AT_YTD,81,E,,
AT_YTD,81,F,,
AT_YTD,81,G,,
AT_YTD,81,H,,
AT_YTD,81,I,,
AT_YTD,81,J,,
AT_YTD,81,K,,
AT_YTD,81,L,,
AT_YTD,81,M,,
AT_YTD,81,N,,
AT_YTD,81,O,,
AT_YTD,81,P,,
AT_YTD,81,Q,,
AT_YTD,81,R,,
AT_YTD,81,S,,
AT_YTD,81,T,,
AT_YTD,81,U,,
AT_YTD,81,V,,
AT_YTD,81,W,,
AT_YTD,81,X,,
AT_YTD,81,Y,,
AT_YTD,81,Z,,
AT_YTD,82,A,,
AT_YTD,82,B,,
AT_YTD,82,C,,
AT_YTD,82,D,,
AT_YTD,82,E,,
AT_YTD,82,F,,
AT_YTD,82,G,,
AT_YTD,82,H,,
AT_YTD,82,I,,
AT_YTD,82,J,,
AT_YTD,82,K,,
AT_YTD,82,L,,
AT_YTD,82,M,,
AT_YTD,82,N,,
AT_YTD,82,O,,
AT_YTD,82,P,,
AT_YTD,82,Q,,
AT_YTD,82,R,,
AT_YTD,82,S,,
AT_YTD,82,T,,
AT_YTD,82,U,,
AT_YTD,82,V,,
AT_YTD,82,W,,
AT_YTD,82,X,,
AT_YTD,82,Y,,
AT_YTD,82,Z,,
AT_YTD,83,A,,
AT_YTD,83,B,,
AT_YTD,83,C,,
AT_YTD,83,D,,
AT_YTD,83,E,,
AT_YTD,83,F,,
AT_YTD,83,G,,
AT_YTD,83,H,,
AT_YTD,83,I,,
AT_YTD,83,J,,
AT_YTD,83,K,,
AT_YTD,83,L,,
AT_YTD,83,M,,
AT_YTD,83,N,,
AT_YTD,83,O,,
AT_YTD,83,P,,
AT_YTD,83,Q,,
AT_YTD,83,R,,
AT_YTD,83,S,,
AT_YTD,83,T,,
AT_YTD,83,U,,
AT_YTD,83,V,,
AT_YTD,83,W,,
AT_YTD,83,X,,
AT_YTD,83,Y,,
AT_YTD,83,Z,,
AT_YTD,84,A,,
AT_YTD,84,B,,
AT_YTD,84,C,,
AT_YTD,84,D,,
AT_YTD,84,E,,
AT_YTD,84,F,,
AT_YTD,84,G,,
AT_YTD,84,H,,
AT_YTD,84,I,,
AT_YTD,84,J,,
AT_YTD,84,K,,
AT_YTD,84,L,,
AT_YTD,84,M,,
AT_YTD,84,N,,
AT_YTD,84,O,,
AT_YTD,84,P,,
AT_YTD,84,Q,,
AT_YTD,84,R,,
AT_YTD,84,S,,
AT_YTD,84,T,,
AT_YTD,84,U,,
AT_YTD,84,V,,
AT_YTD,84,W,,
AT_YTD,84,X,,
AT_YTD,84,Y,,
AT_YTD,84,Z,,
AT_YTD,85,A,,
AT_YTD,85,B,,
AT_YTD,85,C,,
AT_YTD,85,D,,
AT_YTD,85,E,,
AT_YTD,85,F,,
AT_YTD,85,G,,
AT_YTD,85,H,,
AT_YTD,85,I,,
AT_YTD,85,J,,
AT_YTD,85,K,,
AT_YTD,85,L,,
AT_YTD,85,M,,
AT_YTD,85,N,,
AT_YTD,85,O,,
AT_YTD,85,P,,
AT_YTD,85,Q,,
AT_YTD,85,R,,
AT_YTD,85,S,,
AT_YTD,85,T,,
AT_YTD,85,U,,
AT_YTD,85,V,,
AT_YTD,85,W,,
AT_YTD,85,X,,
AT_YTD,85,Y,,
AT_YTD,85,Z,,
AT_YTD,86,A,,
AT_YTD,86,B,,
AT_YTD,86,C,,
AT_YTD,86,D,,
AT_YTD,86,E,,
AT_YTD,86,F,,
AT_YTD,86,G,,
AT_YTD,86,H,,
AT_YTD,86,I,,
AT_YTD,86,J,,
AT_YTD,86,K,,
AT_YTD,86,L,,
AT_YTD,86,M,,
AT_YTD,86,N,,
AT_YTD,86,O,,
AT_YTD,86,P,,
AT_YTD,86,Q,,
AT_YTD,86,R,,
AT_YTD,86,S,,
AT_YTD,86,T,,
AT_YTD,86,U,,
AT_YTD,86,V,,
AT_YTD,86,W,,
AT_YTD,86,X,,
AT_YTD,86,Y,,
AT_YTD,86,Z,,
AT_YTD,87,A,,
AT_YTD,87,B,,
AT_YTD,87,C,,
AT_YTD,87,D,,
AT_YTD,87,E,,
AT_YTD,87,F,,
AT_YTD,87,G,,
AT_YTD,87,H,,
AT_YTD,87,I,,
AT_YTD,87,J,,
AT_YTD,87,K,,
AT_YTD,87,L,,
AT_YTD,87,M,,
AT_YTD,87,N,,
AT_YTD,87,O,,
AT_YTD,87,P,,
AT_YTD,87,Q,,
AT_YTD,87,R,,
AT_YTD,87,S,,
AT_YTD,87,T,,
AT_YTD,87,U,,
AT_YTD,87,V,,
AT_YTD,87,W,,
AT_YTD,87,X,,
AT_YTD,87,Y,,
AT_YTD,87,Z,,
AT_YTD,88,A,,
AT_YTD,88,B,,
AT_YTD,88,C,,
AT_YTD,88,D,,
AT_YTD,88,E,,
AT_YTD,88,F,,
AT_YTD,88,G,,
AT_YTD,88,H,,
AT_YTD,88,I,,
AT_YTD,88,J,,
AT_YTD,88,K,,
AT_YTD,88,L,,
AT_YTD,88,M,,
AT_YTD,88,N,,
AT_YTD,88,O,,
AT_YTD,88,P,,
AT_YTD,88,Q,,
AT_YTD,88,R,,
AT_YTD,88,S,,
AT_YTD,88,T,,
AT_YTD,88,U,,
AT_YTD,88,V,,
AT_YTD,88,W,,
AT_YTD,88,X,,
AT_YTD,88,Y,,
AT_YTD,88,Z,,
AT_YTD,89,A,,
AT_YTD,89,B,,
AT_YTD,89,C,,
AT_YTD,89,D,,
AT_YTD,89,E,,
AT_YTD,89,F,,
AT_YTD,89,G,,
AT_YTD,89,H,,
AT_YTD,89,I,,
AT_YTD,89,J,,
AT_YTD,89,K,,
AT_YTD,89,L,,
AT_YTD,89,M,,
AT_YTD,89,N,,
AT_YTD,89,O,,
AT_YTD,89,P,,
AT_YTD,89,Q,,
AT_YTD,89,R,,
AT_YTD,89,S,,
AT_YTD,89,T,,
AT_YTD,89,U,,
AT_YTD,89,V,,
AT_YTD,89,W,,
AT_YTD,89,X,,
AT_YTD,89,Y,,
AT_YTD,89,Z,,
AT_YTD,90,A,,
AT_YTD,90,B,,
AT_YTD,90,C,,
AT_YTD,90,D,,
AT_YTD,90,E,,
AT_YTD,90,F,,
AT_YTD,90,G,,
AT_YTD,90,H,,
AT_YTD,90,I,,
AT_YTD,90,J,,
AT_YTD,90,K,,
AT_YTD,90,L,,
AT_YTD,90,M,,
AT_YTD,90,N,,
AT_YTD,90,O,,
AT_YTD,90,P,,
AT_YTD,90,Q,,
AT_YTD,90,R,,
AT_YTD,90,S,,
AT_YTD,90,T,,
AT_YTD,90,U,,
AT_YTD,90,V,,
AT_YTD,90,W,,
AT_YTD,90,X,,
AT_YTD,90,Y,,
AT_YTD,90,Z,,
AT_YTD,91,A,,
AT_YTD,91,B,,
AT_YTD,91,C,,
AT_YTD,91,D,,
AT_YTD,91,E,,
AT_YTD,91,F,,
AT_YTD,91,G,,
AT_YTD,91,H,,
AT_YTD,91,I,,
AT_YTD,91,J,,
AT_YTD,91,K,,
AT_YTD,91,L,,
AT_YTD,91,M,,
AT_YTD,91,N,,
AT_YTD,91,O,,
AT_YTD,91,P,,
AT_YTD,91,Q,,
AT_YTD,91,R,,
AT_YTD,91,S,,
AT_YTD,91,T,,
AT_YTD,91,U,,
AT_YTD,91,V,,
AT_YTD,91,W,,
AT_YTD,91,X,,
AT_YTD,91,Y,,
AT_YTD,91,Z,,
AT_YTD,92,A,,
AT_YTD,92,B,,
AT_YTD,92,C,,
AT_YTD,92,D,,
AT_YTD,92,E,,
AT_YTD,92,F,,
AT_YTD,92,G,,
AT_YTD,92,H,,
AT_YTD,92,I,,
AT_YTD,92,J,,
AT_YTD,92,K,,
AT_YTD,92,L,,
AT_YTD,92,M,,
AT_YTD,92,N,,
AT_YTD,92,O,,
AT_YTD,92,P,,
AT_YTD,92,Q,,
AT_YTD,92,R,,
AT_YTD,92,S,,
AT_YTD,92,T,,
AT_YTD,92,U,,
AT_YTD,92,V,,
AT_YTD,92,W,,
AT_YTD,92,X,,
AT_YTD,92,Y,,
AT_YTD,92,Z,,
AT_YTD,93,A,,
AT_YTD,93,B,,
AT_YTD,93,C,,
AT_YTD,93,D,,
AT_YTD,93,E,,
AT_YTD,93,F,,
AT_YTD,93,G,,
AT_YTD,93,H,,
AT_YTD,93,I,,
AT_YTD,93,J,,
AT_YTD,93,K,,
AT_YTD,93,L,,
AT_YTD,93,M,,
AT_YTD,93,N,,
AT_YTD,93,O,,
AT_YTD,93,P,,
AT_YTD,93,Q,,
AT_YTD,93,R,,
AT_YTD,93,S,,
AT_YTD,93,T,,
AT_YTD,93,U,,
AT_YTD,93,V,,
AT_YTD,93,W,,
AT_YTD,93,X,,
AT_YTD,93,Y,,
AT_YTD,93,Z,,
AT_YTD,94,A,,
AT_YTD,94,B,,
AT_YTD,94,C,,
AT_YTD,94,D,,
AT_YTD,94,E,,
AT_YTD,94,F,,
AT_YTD,94,G,,
AT_YTD,94,H,,
AT_YTD,94,I,,
AT_YTD,94,J,,
AT_YTD,94,K,,
AT_YTD,94,L,,
AT_YTD,94,M,,
AT_YTD,94,N,,
AT_YTD,94,O,,
AT_YTD,94,P,,
AT_YTD,94,Q,,
AT_YTD,94,R,,
AT_YTD,94,S,,
AT_YTD,94,T,,
AT_YTD,94,U,,
AT_YTD,94,V,,
AT_YTD,94,W,,
AT_YTD,94,X,,
AT_YTD,94,Y,,
AT_YTD,94,Z,,
AT_YTD,95,A,,
AT_YTD,95,B,,
AT_YTD,95,C,,
AT_YTD,95,D,,
AT_YTD,95,E,,
AT_YTD,95,F,,
AT_YTD,95,G,,
AT_YTD,95,H,,
AT_YTD,95,I,,
AT_YTD,95,J,,
AT_YTD,95,K,,
AT_YTD,95,L,,
AT_YTD,95,M,,
AT_YTD,95,N,,
AT_YTD,95,O,,
AT_YTD,95,P,,
AT_YTD,95,Q,,
AT_YTD,95,R,,
AT_YTD,95,S,,
AT_YTD,95,T,,
AT_YTD,95,U,,
AT_YTD,95,V,,
AT_YTD,95,W,,
AT_YTD,95,X,,
AT_YTD,95,Y,,
AT_YTD,95,Z,,
AT_YTD,96,A,,
AT_YTD,96,B,,
AT_YTD,96,C,,
AT_YTD,96,D,,
AT_YTD,96,E,,
AT_YTD,96,F,,
AT_YTD,96,G,,
AT_YTD,96,H,,
AT_YTD,96,I,,
AT_YTD,96,J,,
AT_YTD,96,K,,
AT_YTD,96,L,,
AT_YTD,96,M,,
AT_YTD,96,N,,
AT_YTD,96,O,,
AT_YTD,96,P,,
AT_YTD,96,Q,,
AT_YTD,96,R,,
AT_YTD,96,S,,
AT_YTD,96,T,,
AT_YTD,96,U,,
AT_YTD,96,V,,
AT_YTD,96,W,,
AT_YTD,96,X,,
AT_YTD,96,Y,,
AT_YTD,96,Z,,
AT_YTD,97,A,,
AT_YTD,97,B,,
AT_YTD,97,C,,
AT_YTD,97,D,,
AT_YTD,97,E,,
AT_YTD,97,F,,
AT_YTD,97,G,,
AT_YTD,97,H,,
AT_YTD,97,I,,
AT_YTD,97,J,,
AT_YTD,97,K,,
AT_YTD,97,L,,
AT_YTD,97,M,,
AT_YTD,97,N,,
AT_YTD,97,O,,
AT_YTD,97,P,,
AT_YTD,97,Q,,
AT_YTD,97,R,,
AT_YTD,97,S,,
AT_YTD,97,T,,
AT_YTD,97,U,,
AT_YTD,97,V,,
AT_YTD,97,W,,
AT_YTD,97,X,,
AT_YTD,97,Y,,
AT_YTD,97,Z,,
AT_YTD,98,A,,
AT_YTD,98,B,,
AT_YTD,98,C,,
AT_YTD,98,D,,
AT_YTD,98,E,,
AT_YTD,98,F,,
AT_YTD,98,G,,
AT_YTD,98,H,,
AT_YTD,98,I,,
AT_YTD,98,J,,
AT_YTD,98,K,,
AT_YTD,98,L,,
AT_YTD,98,M,,
AT_YTD,98,N,,
AT_YTD,98,O,,
AT_YTD,98,P,,
AT_YTD,98,Q,,
AT_YTD,98,R,,
AT_YTD,98,S,,
AT_YTD,98,T,,
AT_YTD,98,U,,
AT_YTD,98,V,,
AT_YTD,98,W,,
AT_YTD,98,X,,
AT_YTD,98,Y,,
AT_YTD,98,Z,,
AT_YTD,99,A,,
AT_YTD,99,B,,
AT_YTD,99,C,,
AT_YTD,99,D,,
AT_YTD,99,E,,
AT_YTD,99,F,,
AT_YTD,99,G,,
AT_YTD,99,H,,
AT_YTD,99,I,,
AT_YTD,99,J,,
AT_YTD,99,K,,
AT_YTD,99,L,,
AT_YTD,99,M,,
AT_YTD,99,N,,
AT_YTD,99,O,,
AT_YTD,99,P,,
AT_YTD,99,Q,,
AT_YTD,99,R,,
AT_YTD,99,S,,
AT_YTD,99,T,,
AT_YTD,99,U,,
AT_YTD,99,V,,
AT_YTD,99,W,,
AT_YTD,99,X,,
AT_YTD,99,Y,,
AT_YTD,99,Z,,
AT_YTD,100,A,,
AT_YTD,100,B,,
AT_YTD,100,C,,
AT_YTD,100,D,,
AT_YTD,100,E,,
AT_YTD,100,F,,
AT_YTD,100,G,,
AT_YTD,100,H,,
AT_YTD,100,I,,
AT_YTD,100,J,,
AT_YTD,100,K,,
AT_YTD,100,L,,
AT_YTD,100,M,,
AT_YTD,100,N,,
AT_YTD,100,O,,
AT_YTD,100,P,,
AT_YTD,100,Q,,
AT_YTD,100,R,,
AT_YTD,100,S,,
AT_YTD,100,T,,
AT_YTD,100,U,,
AT_YTD,100,V,,
AT_YTD,100,W,,
AT_YTD,100,X,,
AT_YTD,100,Y,,
AT_YTD,100,Z,,
